CampaignID,CampaignName,Channel,StartDate,EndDate,Budget,Impressions,Clicks,Conversions,Revenue
1,Campaign 1,Affiliate,22/12/2025,3/1/2026,1155,38172,3520,159,8031
2,Campaign 2,Display,20/11/2025,10/12/2025,2070,30132,2357,249,6243
3,Campaign 3,Paid Search,13/5/2025,6/6/2025,2958,28199,1304,489,7455
4,Campaign 4,Display,20/10/2025,7/11/2025,3501,46609,1444,418,5142
5,Campaign 5,Display,24/11/2025,11/12/2025,3248,18016,3289,355,5304
6,Campaign 6,Paid Social,7/5/2025,26/5/2025,2683,49779,4375,61,3357
7,Campaign 7,Paid Search,16/4/2025,13/5/2025,1123,47261,2110,394,8954
8,Campaign 8,Paid Search,2/4/2025,1/5/2025,3048,41881,3423,237,4713
9,Campaign 9,Paid Search,14/10/2025,31/10/2025,1967,27058,4382,203,6185
10,Campaign 10,Display,20/2/2025,21/3/2025,4830,34472,3721,417,3357
11,Campaign 11,Affiliate,29/1/2025,20/2/2025,1854,44926,4891,383,6294
12,Campaign 12,Paid Search,23/10/2025,13/11/2025,1639,44832,2887,474,9328
13,Campaign 13,Display,24/10/2025,20/11/2025,3238,46021,1441,469,6633
14,Campaign 14,Paid Social,2/8/2025,23/8/2025,2602,34087,3066,426,5192
15,Campaign 15,Affiliate,24/9/2025,4/10/2025,3563,22828,1475,328,2300
16,Campaign 16,Paid Social,14/9/2025,1/10/2025,1441,41128,1454,220,2723
17,Campaign 17,Affiliate,29/10/2025,23/11/2025,2944,11401,1762,183,7694
18,Campaign 18,Display,11/4/2025,2/5/2025,2838,29643,1443,476,5010
19,Campaign 19,Email,12/12/2025,22/12/2025,2829,25193,2702,74,7555
20,Campaign 20,Affiliate,20/4/2025,17/5/2025,3190,36853,3827,67,2067
21,Campaign 21,Paid Social,1/7/2025,20/7/2025,4262,30307,4774,239,5836
22,Campaign 22,Display,9/11/2025,7/12/2025,1532,46982,2759,190,5993
23,Campaign 23,Affiliate,1/1/2025,26/1/2025,3274,29611,2328,92,4506
24,Campaign 24,Email,15/11/2025,23/11/2025,2336,21950,1757,383,3537
25,Campaign 25,Email,24/2/2025,16/3/2025,4700,20704,964,333,2397
26,Campaign 26,Paid Search,29/5/2025,8/6/2025,1948,21867,3794,195,6715
27,Campaign 27,Paid Search,5/11/2025,27/11/2025,4373,12745,1730,364,5357
28,Campaign 28,Paid Social,17/5/2025,13/6/2025,4725,13866,3154,493,7680
29,Campaign 29,Affiliate,21/7/2025,16/8/2025,3019,42245,1384,368,3163
30,Campaign 30,Affiliate,9/11/2025,29/11/2025,1459,15818,4305,490,6825
31,Campaign 31,Paid Search,27/4/2025,18/5/2025,4472,40116,4356,141,2555
32,Campaign 32,Affiliate,3/6/2025,12/6/2025,1550,25493,3635,228,8048
33,Campaign 33,Affiliate,18/10/2025,1/11/2025,1392,38038,1424,105,8924
34,Campaign 34,Email,4/3/2025,26/3/2025,4938,30447,2046,204,5661
35,Campaign 35,Paid Search,1/9/2025,17/9/2025,2787,40431,1594,209,3751
36,Campaign 36,Display,25/1/2025,4/2/2025,1844,27908,2911,160,4941
37,Campaign 37,Paid Search,31/3/2025,24/4/2025,4278,39336,3117,186,4657
38,Campaign 38,Display,16/3/2025,24/3/2025,3257,14025,1262,281,4795
39,Campaign 39,Email,21/10/2025,13/11/2025,2138,30093,2823,269,4329
40,Campaign 40,Paid Social,29/7/2025,17/8/2025,4808,16155,4645,117,8804
41,Campaign 41,Affiliate,13/12/2025,23/12/2025,1645,43487,3275,351,9067
42,Campaign 42,Email,17/1/2025,3/2/2025,4322,30963,3655,298,9983
43,Campaign 43,Affiliate,8/5/2025,21/5/2025,3266,30936,4470,372,7091
44,Campaign 44,Paid Social,30/12/2025,17/1/2026,3454,14426,2540,459,3959
45,Campaign 45,Paid Social,8/9/2025,24/9/2025,2466,33303,1083,441,3601
46,Campaign 46,Email,28/6/2025,11/7/2025,4674,37606,4831,55,4793
47,Campaign 47,Paid Social,1/7/2025,20/7/2025,2377,38151,2603,329,3480
48,Campaign 48,Display,1/6/2025,14/6/2025,3935,23767,2442,481,8230
49,Campaign 49,Paid Social,25/1/2025,24/2/2025,3605,21308,4955,143,3102
50,Campaign 50,Affiliate,29/6/2025,22/7/2025,3597,34770,609,478,5276
51,Campaign 51,Affiliate,17/7/2025,2/8/2025,1141,38572,691,318,8934
52,Campaign 52,Affiliate,10/12/2025,26/12/2025,3659,12204,1403,246,9504
53,Campaign 53,Affiliate,10/6/2025,10/7/2025,1500,37233,1361,74,9421
54,Campaign 54,Display,26/6/2025,6/7/2025,1839,31729,1583,197,8447
55,Campaign 55,Paid Search,12/10/2025,7/11/2025,3749,41131,1149,167,7499
56,Campaign 56,Email,4/3/2025,14/3/2025,4618,43870,4634,387,8273
57,Campaign 57,Affiliate,30/5/2025,27/6/2025,2682,48011,4111,416,8739
58,Campaign 58,Paid Social,3/6/2025,16/6/2025,2565,49382,1136,387,3299
59,Campaign 59,Affiliate,5/6/2025,3/7/2025,3046,31607,1536,115,7818
60,Campaign 60,Paid Social,18/2/2025,25/2/2025,4917,34968,4631,350,8701
61,Campaign 61,Paid Social,3/12/2025,21/12/2025,2530,43398,2648,419,6994
62,Campaign 62,Affiliate,25/3/2025,24/4/2025,1595,21908,4365,224,7302
63,Campaign 63,Display,27/12/2025,15/1/2026,2904,36423,3657,368,9435
64,Campaign 64,Paid Social,26/6/2025,12/7/2025,1280,19171,4087,125,5879
65,Campaign 65,Paid Social,28/5/2025,18/6/2025,1423,22721,3794,163,9489
66,Campaign 66,Affiliate,28/4/2025,17/5/2025,3903,26616,4761,160,3535
67,Campaign 67,Paid Social,8/12/2025,6/1/2026,1269,48458,2930,298,9779
68,Campaign 68,Paid Social,4/3/2025,1/4/2025,1153,17659,2379,488,2077
69,Campaign 69,Affiliate,8/7/2025,5/8/2025,3661,21704,4466,252,4831
70,Campaign 70,Affiliate,26/12/2025,22/1/2026,2750,42793,4213,196,5410
71,Campaign 71,Email,18/2/2025,18/3/2025,1661,41226,4626,84,4721
72,Campaign 72,Display,23/11/2025,8/12/2025,2967,33852,4606,358,5627
73,Campaign 73,Display,14/9/2025,29/9/2025,1082,42082,2511,75,3532
74,Campaign 74,Paid Social,12/8/2025,2/9/2025,4693,32794,3873,287,2237
75,Campaign 75,Display,21/5/2025,6/6/2025,3994,23379,2643,63,7253
76,Campaign 76,Paid Social,3/8/2025,2/9/2025,3946,17006,3000,423,3996
77,Campaign 77,Email,30/7/2025,15/8/2025,2449,18682,1789,94,7311
78,Campaign 78,Affiliate,14/11/2025,28/11/2025,2298,43840,1947,477,5427
79,Campaign 79,Affiliate,1/2/2025,3/3/2025,4784,42430,3699,265,2277
80,Campaign 80,Affiliate,7/6/2025,29/6/2025,3331,33091,2443,282,5089
81,Campaign 81,Display,12/10/2025,4/11/2025,1979,42983,3683,242,2523
82,Campaign 82,Email,1/11/2025,12/11/2025,3220,33989,3716,100,6275
83,Campaign 83,Display,13/10/2025,23/10/2025,4398,19915,3636,476,6218
84,Campaign 84,Display,24/5/2025,17/6/2025,4789,28990,3818,424,7365
85,Campaign 85,Email,19/1/2025,18/2/2025,4134,34734,3282,263,7853
86,Campaign 86,Email,18/1/2025,12/2/2025,4144,24824,1490,200,9540
87,Campaign 87,Email,14/9/2025,24/9/2025,3810,46081,2653,489,5122
88,Campaign 88,Email,19/3/2025,1/4/2025,2659,21033,725,324,7190
89,Campaign 89,Affiliate,24/6/2025,10/7/2025,2398,26241,1276,387,6575
90,Campaign 90,Paid Search,13/7/2025,6/8/2025,1632,15939,3337,125,9727
91,Campaign 91,Paid Search,23/4/2025,18/5/2025,2531,45063,1187,488,9186
92,Campaign 92,Email,24/4/2025,4/5/2025,1786,44464,1029,269,3797
93,Campaign 93,Paid Search,10/8/2025,26/8/2025,3990,21185,3942,397,4131
94,Campaign 94,Paid Search,15/6/2025,22/6/2025,4059,37045,2653,493,9322
95,Campaign 95,Email,15/11/2025,14/12/2025,1397,29167,1794,236,8708
96,Campaign 96,Paid Search,12/5/2025,5/6/2025,2143,46412,2026,338,8762
97,Campaign 97,Display,21/9/2025,2/10/2025,1933,31625,3396,452,8500
98,Campaign 98,Paid Social,24/2/2025,17/3/2025,2460,49188,3603,77,2815
99,Campaign 99,Paid Social,25/12/2025,17/1/2026,2852,37076,2940,428,4694
100,Campaign 100,Email,11/5/2025,20/5/2025,3723,29029,4635,229,2442
101,Campaign 101,Affiliate,15/10/2025,2/11/2025,3983,32973,4302,302,5140
102,Campaign 102,Email,23/9/2025,1/10/2025,3512,49121,1344,175,8666
103,Campaign 103,Affiliate,11/6/2025,18/6/2025,1285,41433,946,226,2142
104,Campaign 104,Paid Social,28/3/2025,26/4/2025,1264,11932,4415,86,6287
105,Campaign 105,Email,24/2/2025,23/3/2025,3367,11757,3609,459,3410
106,Campaign 106,Display,15/10/2025,7/11/2025,3720,40722,1734,148,6473
107,Campaign 107,Paid Search,27/6/2025,25/7/2025,4447,47853,726,147,8724
108,Campaign 108,Affiliate,15/12/2025,6/1/2026,3867,48405,4643,176,2534
109,Campaign 109,Paid Search,8/1/2025,19/1/2025,3136,11116,3459,217,3716
110,Campaign 110,Paid Search,17/11/2025,8/12/2025,2677,21691,2330,129,5364
111,Campaign 111,Email,9/11/2025,18/11/2025,2226,10492,4279,343,3032
112,Campaign 112,Paid Search,4/9/2025,17/9/2025,1820,37882,686,382,5342
113,Campaign 113,Display,19/11/2025,6/12/2025,2762,18811,3377,175,3410
114,Campaign 114,Paid Search,12/9/2025,28/9/2025,4048,37808,3035,392,8236
115,Campaign 115,Email,24/11/2025,9/12/2025,3381,34272,2432,359,8085
116,Campaign 116,Display,23/2/2025,15/3/2025,3269,38399,3424,199,8672
117,Campaign 117,Paid Social,6/9/2025,25/9/2025,1040,16474,1348,65,7273
118,Campaign 118,Paid Search,27/8/2025,4/9/2025,2731,36956,2532,77,6500
119,Campaign 119,Email,17/8/2025,26/8/2025,1067,23979,1752,468,8983
120,Campaign 120,Paid Social,8/3/2025,21/3/2025,1987,38328,2381,493,3172
121,Campaign 121,Paid Social,20/2/2025,19/3/2025,2799,22867,769,222,2888
122,Campaign 122,Affiliate,7/4/2025,1/5/2025,3561,35851,2130,95,5338
123,Campaign 123,Display,2/4/2025,11/4/2025,4944,41279,4905,377,6517
124,Campaign 124,Paid Search,21/9/2025,7/10/2025,4708,40527,3703,285,3641
125,Campaign 125,Email,18/10/2025,15/11/2025,4693,17866,2074,488,2471
126,Campaign 126,Affiliate,6/4/2025,19/4/2025,2621,25449,3392,263,4940
127,Campaign 127,Display,29/3/2025,13/4/2025,2655,20685,2195,134,2546
128,Campaign 128,Affiliate,19/3/2025,11/4/2025,4198,33544,3758,331,6726
129,Campaign 129,Display,15/10/2025,1/11/2025,2278,15451,3762,281,5597
130,Campaign 130,Display,30/4/2025,13/5/2025,1694,31642,1945,134,9670
131,Campaign 131,Paid Search,29/10/2025,28/11/2025,4087,49954,719,458,7133
132,Campaign 132,Display,14/6/2025,4/7/2025,3524,48870,552,114,4825
133,Campaign 133,Affiliate,1/7/2025,26/7/2025,2085,41030,2257,183,5723
134,Campaign 134,Display,11/8/2025,21/8/2025,3928,40873,2166,200,7925
135,Campaign 135,Paid Search,7/11/2025,19/11/2025,3479,10619,3285,164,2363
136,Campaign 136,Paid Search,7/1/2025,23/1/2025,2693,43650,1219,113,4166
137,Campaign 137,Affiliate,26/11/2025,9/12/2025,3315,35372,905,392,5309
138,Campaign 138,Paid Social,20/9/2025,9/10/2025,2058,13642,2794,476,2545
139,Campaign 139,Paid Social,10/6/2025,30/6/2025,1778,38001,571,412,5240
140,Campaign 140,Display,31/5/2025,10/6/2025,4647,44064,2553,456,8665
141,Campaign 141,Email,26/3/2025,9/4/2025,1493,39290,1729,401,6729
142,Campaign 142,Display,27/5/2025,7/6/2025,2585,24122,2067,207,3936
143,Campaign 143,Affiliate,22/4/2025,29/4/2025,2492,34820,4182,126,7776
144,Campaign 144,Affiliate,5/2/2025,15/2/2025,2790,12895,3453,195,2962
145,Campaign 145,Affiliate,12/10/2025,21/10/2025,1660,15366,4982,392,5005
146,Campaign 146,Affiliate,7/7/2025,22/7/2025,2348,18711,1198,274,5806
147,Campaign 147,Affiliate,23/3/2025,6/4/2025,2327,29596,1326,454,2882
148,Campaign 148,Paid Search,2/1/2025,9/1/2025,2299,28793,848,362,5840
149,Campaign 149,Paid Social,30/10/2025,11/11/2025,4940,18199,4408,152,8923
150,Campaign 150,Affiliate,16/7/2025,31/7/2025,2986,20717,807,456,2870
151,Campaign 151,Email,11/1/2025,24/1/2025,4755,46191,3916,396,6611
152,Campaign 152,Email,22/8/2025,1/9/2025,5000,20211,2834,350,4985
153,Campaign 153,Email,14/7/2025,2/8/2025,4060,33360,3309,477,7516
154,Campaign 154,Email,29/4/2025,22/5/2025,3044,31542,4058,137,2865
155,Campaign 155,Paid Search,20/1/2025,28/1/2025,4272,41312,4978,420,8249
156,Campaign 156,Email,18/9/2025,29/9/2025,4516,46435,3977,352,7204
157,Campaign 157,Affiliate,20/10/2025,7/11/2025,2928,38247,3186,217,6309
158,Campaign 158,Display,13/9/2025,10/10/2025,2347,32357,3485,484,9288
159,Campaign 159,Email,10/8/2025,24/8/2025,2058,37691,775,219,5203
160,Campaign 160,Paid Search,14/8/2025,26/8/2025,1976,22424,3047,184,4897
161,Campaign 161,Paid Search,22/2/2025,8/3/2025,1481,28852,3264,99,4244
162,Campaign 162,Email,21/12/2025,14/1/2026,1727,32601,836,481,2018
163,Campaign 163,Display,8/12/2025,17/12/2025,3527,28020,2473,389,2641
164,Campaign 164,Email,30/12/2025,27/1/2026,4136,18155,3479,396,5083
165,Campaign 165,Paid Search,7/10/2025,25/10/2025,2031,13583,4468,183,7200
166,Campaign 166,Paid Social,22/3/2025,31/3/2025,4372,25515,1410,396,2329
167,Campaign 167,Affiliate,21/7/2025,18/8/2025,1342,46777,2496,186,2865
168,Campaign 168,Paid Search,7/6/2025,19/6/2025,4502,29710,3629,294,2773
169,Campaign 169,Email,30/4/2025,8/5/2025,2447,34532,4704,158,6487
170,Campaign 170,Affiliate,28/2/2025,29/3/2025,3379,28601,4257,362,6732
171,Campaign 171,Email,3/8/2025,21/8/2025,3485,14967,827,336,4354
172,Campaign 172,Email,8/5/2025,16/5/2025,4659,28753,2299,70,5338
173,Campaign 173,Paid Social,12/8/2025,24/8/2025,3221,30022,814,139,5518
174,Campaign 174,Affiliate,28/7/2025,20/8/2025,3606,19135,4045,345,9608
175,Campaign 175,Affiliate,25/4/2025,4/5/2025,1526,15722,1634,161,4942
176,Campaign 176,Paid Social,28/7/2025,5/8/2025,2896,37413,3246,350,8795
177,Campaign 177,Paid Search,14/1/2025,12/2/2025,1658,37236,2020,126,8984
178,Campaign 178,Email,9/1/2025,4/2/2025,3073,25514,655,226,7121
179,Campaign 179,Display,9/2/2025,23/2/2025,1819,47212,2224,392,4567
180,Campaign 180,Email,25/8/2025,22/9/2025,3652,30331,3843,197,9929
181,Campaign 181,Email,8/10/2025,26/10/2025,1405,28060,1386,150,3674
182,Campaign 182,Paid Search,25/12/2025,4/1/2026,3279,11196,3573,295,4683
183,Campaign 183,Email,20/7/2025,31/7/2025,3580,22297,3305,166,5380
184,Campaign 184,Paid Social,3/9/2025,22/9/2025,4890,12787,1221,141,2739
185,Campaign 185,Paid Social,5/10/2025,26/10/2025,2573,33816,1412,450,3545
186,Campaign 186,Affiliate,23/8/2025,21/9/2025,2811,29702,3857,77,6564
187,Campaign 187,Display,4/1/2025,26/1/2025,1504,35242,1370,474,4259
188,Campaign 188,Email,3/6/2025,19/6/2025,4740,12176,4608,499,3135
189,Campaign 189,Email,29/1/2025,27/2/2025,1178,30127,997,74,7127
190,Campaign 190,Paid Search,19/4/2025,11/5/2025,1131,37228,2256,107,8947
191,Campaign 191,Paid Social,8/4/2025,26/4/2025,2846,30208,1617,346,8620
192,Campaign 192,Display,3/8/2025,26/8/2025,2478,38482,3909,183,2873
193,Campaign 193,Affiliate,20/10/2025,11/11/2025,3395,19171,3328,380,6555
194,Campaign 194,Paid Social,16/3/2025,3/4/2025,3587,45219,2147,298,4300
195,Campaign 195,Affiliate,22/11/2025,6/12/2025,1771,43396,3483,87,7645
196,Campaign 196,Paid Search,26/5/2025,21/6/2025,2429,13696,642,439,2751
197,Campaign 197,Paid Search,8/5/2025,17/5/2025,3123,30058,3261,478,7557
198,Campaign 198,Email,7/12/2025,29/12/2025,1578,30313,3935,124,7873
199,Campaign 199,Display,11/2/2025,2/3/2025,3901,29149,2931,191,9124
200,Campaign 200,Affiliate,22/12/2025,20/1/2026,2515,14956,2348,371,2853
201,Campaign 201,Paid Social,10/2/2025,7/3/2025,1193,20195,3196,217,5732
202,Campaign 202,Paid Search,3/2/2025,17/2/2025,3007,27076,2217,308,4283
203,Campaign 203,Email,17/1/2025,14/2/2025,2185,11105,3572,422,3329
204,Campaign 204,Email,14/6/2025,25/6/2025,3394,25417,1567,404,2477
205,Campaign 205,Affiliate,2/6/2025,28/6/2025,3998,34729,3286,274,4726
206,Campaign 206,Paid Search,17/3/2025,31/3/2025,2384,40099,4291,201,5091
207,Campaign 207,Display,28/3/2025,27/4/2025,2792,42598,1788,68,8359
208,Campaign 208,Paid Search,27/4/2025,15/5/2025,4655,39961,4371,195,8998
209,Campaign 209,Affiliate,28/12/2025,4/1/2026,2110,22602,2306,497,6230
210,Campaign 210,Affiliate,8/12/2025,4/1/2026,4333,19256,2004,290,9048
211,Campaign 211,Paid Search,27/1/2025,22/2/2025,3261,30584,3808,421,7248
212,Campaign 212,Affiliate,9/11/2025,21/11/2025,4736,44681,3451,430,6505
213,Campaign 213,Paid Search,14/10/2025,11/11/2025,4793,35792,571,393,7541
214,Campaign 214,Paid Social,14/5/2025,7/6/2025,2936,31904,2190,286,7413
215,Campaign 215,Paid Search,7/8/2025,21/8/2025,3620,44540,1844,84,3269
216,Campaign 216,Paid Search,17/6/2025,30/6/2025,1779,36536,3803,239,9868
217,Campaign 217,Affiliate,8/4/2025,15/4/2025,1261,29164,3613,50,7675
218,Campaign 218,Affiliate,25/9/2025,22/10/2025,1729,22996,1382,202,6181
219,Campaign 219,Email,25/8/2025,16/9/2025,1282,12871,4734,478,4603
220,Campaign 220,Email,5/11/2025,23/11/2025,4719,32626,3162,482,7961
221,Campaign 221,Paid Social,22/6/2025,4/7/2025,2490,20521,2004,175,9542
222,Campaign 222,Email,9/7/2025,4/8/2025,4451,11132,2963,394,3469
223,Campaign 223,Paid Search,2/5/2025,10/5/2025,1361,43467,3053,449,2377
224,Campaign 224,Affiliate,15/2/2025,7/3/2025,4520,24534,1232,275,9557
225,Campaign 225,Email,5/3/2025,15/3/2025,1440,33854,2248,270,3680
226,Campaign 226,Email,10/5/2025,17/5/2025,3140,49065,4424,452,7170
227,Campaign 227,Paid Social,6/11/2025,5/12/2025,2644,17812,923,456,2241
228,Campaign 228,Paid Social,29/12/2025,22/1/2026,3800,14557,3978,260,9461
229,Campaign 229,Paid Search,12/7/2025,31/7/2025,1866,12179,2091,74,2919
230,Campaign 230,Affiliate,3/11/2025,11/11/2025,2447,19065,4985,65,7682
231,Campaign 231,Paid Social,30/6/2025,15/7/2025,1141,18275,4937,231,8409
232,Campaign 232,Email,19/10/2025,15/11/2025,2314,45948,992,378,9287
233,Campaign 233,Affiliate,9/10/2025,17/10/2025,2455,30700,691,178,8855
234,Campaign 234,Affiliate,29/1/2025,13/2/2025,3796,49464,998,91,7367
235,Campaign 235,Email,29/5/2025,5/6/2025,2875,37794,1756,452,2069
236,Campaign 236,Paid Social,24/9/2025,11/10/2025,2847,38783,2468,467,5924
237,Campaign 237,Email,23/10/2025,1/11/2025,2712,26998,4822,385,8200
238,Campaign 238,Affiliate,11/1/2025,6/2/2025,3700,23869,2686,285,7501
239,Campaign 239,Display,13/6/2025,12/7/2025,1700,38152,1316,409,4086
240,Campaign 240,Display,23/4/2025,3/5/2025,1997,30954,3720,488,4007
241,Campaign 241,Paid Search,6/7/2025,30/7/2025,3096,41555,1973,451,2800
242,Campaign 242,Email,22/10/2025,20/11/2025,2325,26654,1586,83,9610
243,Campaign 243,Email,20/8/2025,1/9/2025,1880,45236,4699,394,7137
244,Campaign 244,Paid Search,15/8/2025,24/8/2025,2213,25042,2374,430,4779
245,Campaign 245,Paid Search,6/11/2025,4/12/2025,2159,35966,1370,94,6920
246,Campaign 246,Paid Search,8/4/2025,25/4/2025,1554,24270,2542,183,2755
247,Campaign 247,Affiliate,24/2/2025,17/3/2025,1403,40908,772,70,8495
248,Campaign 248,Email,21/4/2025,19/5/2025,1891,25523,1529,171,3995
249,Campaign 249,Affiliate,1/6/2025,12/6/2025,3912,29991,3718,119,7935
250,Campaign 250,Paid Search,3/9/2025,29/9/2025,1601,20775,4569,401,3321
251,Campaign 251,Email,10/3/2025,26/3/2025,2830,22265,1551,410,4330
252,Campaign 252,Affiliate,8/11/2025,26/11/2025,1340,29459,4533,97,7705
253,Campaign 253,Affiliate,16/10/2025,6/11/2025,4828,26673,2073,88,2109
254,Campaign 254,Paid Search,7/9/2025,30/9/2025,2968,37056,3690,336,3016
255,Campaign 255,Email,5/2/2025,21/2/2025,1703,16614,4888,59,9347
256,Campaign 256,Paid Search,27/8/2025,8/9/2025,1317,46020,4297,79,8057
257,Campaign 257,Email,28/5/2025,21/6/2025,3665,17415,3789,293,8687
258,Campaign 258,Display,15/8/2025,3/9/2025,2386,33155,4247,323,7865
259,Campaign 259,Paid Social,1/9/2025,10/9/2025,4893,26964,2605,493,5865
260,Campaign 260,Paid Social,3/12/2025,2/1/2026,3429,47726,807,137,2024
261,Campaign 261,Paid Social,31/12/2025,16/1/2026,3280,47044,3859,293,6938
262,Campaign 262,Paid Search,20/7/2025,9/8/2025,2800,47544,3676,430,4838
263,Campaign 263,Display,3/6/2025,15/6/2025,2367,42252,1751,378,2737
264,Campaign 264,Email,14/3/2025,23/3/2025,2572,13832,3247,64,8200
265,Campaign 265,Affiliate,20/7/2025,11/8/2025,1816,35275,2017,53,2179
266,Campaign 266,Email,23/10/2025,5/11/2025,1552,24901,1878,240,2231
267,Campaign 267,Affiliate,17/1/2025,12/2/2025,4600,48213,2461,217,3917
268,Campaign 268,Email,9/5/2025,29/5/2025,1855,44148,4805,58,2342
269,Campaign 269,Display,5/8/2025,20/8/2025,2812,32918,3363,158,6572
270,Campaign 270,Affiliate,2/3/2025,23/3/2025,3866,29540,3156,186,7918
271,Campaign 271,Paid Search,14/4/2025,11/5/2025,4642,21580,2994,203,4623
272,Campaign 272,Email,11/2/2025,20/2/2025,1182,48402,4505,437,2454
273,Campaign 273,Email,25/1/2025,2/2/2025,4112,48578,4063,258,7351
274,Campaign 274,Affiliate,8/2/2025,16/2/2025,2574,34917,1422,321,6384
275,Campaign 275,Paid Search,18/10/2025,27/10/2025,1396,32318,4732,192,7332
276,Campaign 276,Paid Search,11/5/2025,4/6/2025,2727,20179,4962,148,8401
277,Campaign 277,Display,17/8/2025,6/9/2025,3826,22251,3459,426,6625
278,Campaign 278,Paid Search,18/4/2025,14/5/2025,2517,29493,683,357,8830
279,Campaign 279,Paid Search,21/6/2025,15/7/2025,4730,30466,3858,118,9072
280,Campaign 280,Paid Search,12/4/2025,28/4/2025,1906,40206,1898,296,4276
281,Campaign 281,Paid Social,20/12/2025,28/12/2025,2356,29624,3296,310,9393
282,Campaign 282,Display,12/1/2025,9/2/2025,3174,36564,1036,325,2595
283,Campaign 283,Email,2/10/2025,9/10/2025,4629,32412,1773,128,5874
284,Campaign 284,Affiliate,11/4/2025,21/4/2025,4628,37990,3467,195,6530
285,Campaign 285,Email,13/2/2025,5/3/2025,1000,45517,3549,160,6977
286,Campaign 286,Display,1/11/2025,8/11/2025,4239,23156,1596,307,9164
287,Campaign 287,Affiliate,17/1/2025,6/2/2025,4691,33064,1805,142,7877
288,Campaign 288,Display,26/11/2025,18/12/2025,1018,35711,1415,62,6497
289,Campaign 289,Paid Search,26/2/2025,26/3/2025,4403,40106,3581,309,4669
290,Campaign 290,Affiliate,7/11/2025,27/11/2025,1583,26589,4747,475,9933
291,Campaign 291,Paid Search,30/10/2025,25/11/2025,1455,33736,1528,158,4135
292,Campaign 292,Email,12/1/2025,21/1/2025,4004,30975,2477,379,8727
293,Campaign 293,Email,14/11/2025,23/11/2025,3036,46218,3854,238,5964
294,Campaign 294,Affiliate,21/3/2025,5/4/2025,2132,17214,3011,144,3565
295,Campaign 295,Affiliate,4/8/2025,16/8/2025,4339,40581,770,154,9851
296,Campaign 296,Display,5/12/2025,24/12/2025,3492,30195,1686,57,2308
297,Campaign 297,Display,21/9/2025,18/10/2025,4311,37127,4700,116,9049
298,Campaign 298,Paid Search,29/5/2025,6/6/2025,2952,15141,4264,240,2342
299,Campaign 299,Affiliate,22/3/2025,5/4/2025,4372,38884,2898,415,2435
300,Campaign 300,Email,3/8/2025,30/8/2025,3649,34885,4735,305,2176
301,Campaign 301,Display,17/7/2025,25/7/2025,3150,12708,4682,58,2138
302,Campaign 302,Display,19/7/2025,29/7/2025,1987,28375,2211,166,2193
303,Campaign 303,Email,25/1/2025,15/2/2025,4321,25088,2730,316,5257
304,Campaign 304,Display,30/3/2025,9/4/2025,4524,20014,628,148,9385
305,Campaign 305,Paid Search,25/9/2025,14/10/2025,1519,13273,1769,347,5235
306,Campaign 306,Affiliate,23/5/2025,10/6/2025,4224,47306,4172,446,7280
307,Campaign 307,Email,28/2/2025,19/3/2025,1858,40881,2101,213,2942
308,Campaign 308,Affiliate,31/12/2025,20/1/2026,1173,41486,4470,425,6620
309,Campaign 309,Display,26/1/2025,21/2/2025,2366,22541,4744,190,5879
310,Campaign 310,Display,16/2/2025,12/3/2025,4741,18712,1127,317,7720
311,Campaign 311,Email,15/10/2025,27/10/2025,4052,19168,4297,86,5113
312,Campaign 312,Paid Search,23/9/2025,10/10/2025,3478,13551,2544,123,4962
313,Campaign 313,Paid Social,16/1/2025,24/1/2025,1726,22297,4052,122,8353
314,Campaign 314,Email,18/7/2025,16/8/2025,4760,37128,2841,357,6836
315,Campaign 315,Paid Social,9/10/2025,3/11/2025,2710,12832,3714,248,6957
316,Campaign 316,Paid Social,27/3/2025,21/4/2025,2875,38483,749,179,9442
317,Campaign 317,Paid Search,7/9/2025,18/9/2025,3897,32063,3425,295,2953
318,Campaign 318,Paid Social,27/9/2025,22/10/2025,2681,32963,1474,361,3302
319,Campaign 319,Paid Social,1/12/2025,9/12/2025,2347,23422,1825,109,7370
320,Campaign 320,Paid Search,27/4/2025,13/5/2025,1989,42920,1483,328,5381
321,Campaign 321,Paid Social,7/1/2025,15/1/2025,4744,21156,1388,152,7839
322,Campaign 322,Paid Social,17/5/2025,3/6/2025,3686,21108,3437,345,4880
323,Campaign 323,Paid Social,25/6/2025,19/7/2025,1419,41845,2617,369,4187
324,Campaign 324,Email,24/11/2025,24/12/2025,1593,12800,3172,390,6887
325,Campaign 325,Email,11/11/2025,2/12/2025,3532,48078,1826,200,2545
326,Campaign 326,Email,3/8/2025,18/8/2025,4730,12610,970,206,7940
327,Campaign 327,Paid Search,23/3/2025,21/4/2025,2774,22067,2487,255,7112
328,Campaign 328,Display,11/8/2025,5/9/2025,3459,43872,590,228,3927
329,Campaign 329,Paid Social,13/4/2025,28/4/2025,1935,20728,1029,246,7649
330,Campaign 330,Paid Social,30/9/2025,9/10/2025,2107,39566,4559,272,6152
331,Campaign 331,Paid Search,14/1/2025,10/2/2025,2136,39783,3273,138,8255
332,Campaign 332,Paid Social,8/6/2025,23/6/2025,4808,30583,2186,336,2004
333,Campaign 333,Email,1/6/2025,21/6/2025,1331,30238,691,483,5481
334,Campaign 334,Display,18/4/2025,13/5/2025,4449,17263,2486,325,7533
335,Campaign 335,Affiliate,7/7/2025,20/7/2025,4826,11914,4123,285,5253
336,Campaign 336,Paid Social,28/10/2025,19/11/2025,3702,33749,2685,232,9180
337,Campaign 337,Email,8/4/2025,30/4/2025,3088,29456,4940,258,3362
338,Campaign 338,Affiliate,11/5/2025,18/5/2025,2793,35582,1508,179,3820
339,Campaign 339,Display,20/10/2025,30/10/2025,1958,10406,4283,202,7378
340,Campaign 340,Affiliate,20/6/2025,30/6/2025,4868,23689,4798,62,8233
341,Campaign 341,Email,2/7/2025,15/7/2025,1104,42934,4787,171,4663
342,Campaign 342,Affiliate,30/12/2025,13/1/2026,1201,43276,2552,408,4938
343,Campaign 343,Paid Search,8/2/2025,3/3/2025,3497,46432,3808,269,8841
344,Campaign 344,Affiliate,15/1/2025,26/1/2025,2842,29873,2216,155,3273
345,Campaign 345,Paid Social,4/1/2025,17/1/2025,2866,23050,810,424,5326
346,Campaign 346,Paid Social,15/12/2025,10/1/2026,2996,10680,1760,119,5659
347,Campaign 347,Paid Search,29/7/2025,24/8/2025,2289,28908,4432,244,4945
348,Campaign 348,Email,10/6/2025,20/6/2025,1909,28504,3768,235,5018
349,Campaign 349,Paid Social,16/1/2025,28/1/2025,1209,31644,1084,148,3131
350,Campaign 350,Display,18/4/2025,1/5/2025,1562,47125,3299,131,6763
351,Campaign 351,Paid Social,7/11/2025,1/12/2025,4189,11363,859,124,8737
352,Campaign 352,Paid Social,15/8/2025,26/8/2025,3760,45060,3366,423,4636
353,Campaign 353,Email,19/6/2025,15/7/2025,4448,11538,2511,389,8628
354,Campaign 354,Affiliate,3/2/2025,12/2/2025,4622,46176,4506,241,5029
355,Campaign 355,Paid Social,8/9/2025,21/9/2025,2563,35675,2125,374,5019
356,Campaign 356,Paid Search,4/9/2025,2/10/2025,1770,28287,3264,263,7377
357,Campaign 357,Affiliate,26/9/2025,16/10/2025,4155,10174,1390,364,8782
358,Campaign 358,Display,21/5/2025,3/6/2025,3501,36732,1231,493,7092
359,Campaign 359,Email,1/10/2025,12/10/2025,3714,44998,4461,431,8022
360,Campaign 360,Display,6/4/2025,4/5/2025,1628,47055,3004,416,6377
361,Campaign 361,Affiliate,15/8/2025,26/8/2025,4585,22112,1114,367,9129
362,Campaign 362,Affiliate,8/2/2025,9/3/2025,2628,49874,4306,193,5159
363,Campaign 363,Affiliate,29/10/2025,6/11/2025,2701,19689,2219,433,7323
364,Campaign 364,Display,29/1/2025,25/2/2025,1386,29555,2087,265,8159
365,Campaign 365,Affiliate,14/11/2025,12/12/2025,2935,43919,2111,410,9318
366,Campaign 366,Display,2/9/2025,14/9/2025,4421,17619,1396,373,7031
367,Campaign 367,Affiliate,24/8/2025,14/9/2025,3343,16033,777,64,2253
368,Campaign 368,Paid Search,4/7/2025,31/7/2025,3305,14946,2136,266,7307
369,Campaign 369,Affiliate,29/9/2025,15/10/2025,2104,34618,2658,488,2328
370,Campaign 370,Display,24/8/2025,22/9/2025,1267,44675,2932,84,4591
371,Campaign 371,Paid Social,27/8/2025,26/9/2025,3466,46258,4404,232,4830
372,Campaign 372,Affiliate,23/9/2025,6/10/2025,3282,28919,3762,319,5044
373,Campaign 373,Paid Social,25/12/2025,5/1/2026,2856,14173,1949,482,3420
374,Campaign 374,Paid Search,6/12/2025,13/12/2025,4382,36400,5000,407,7636
375,Campaign 375,Email,6/3/2025,25/3/2025,4884,14769,1732,149,9626
376,Campaign 376,Paid Search,26/6/2025,23/7/2025,2998,47564,4617,56,5401
377,Campaign 377,Affiliate,3/1/2025,27/1/2025,4033,24211,1177,79,9987
378,Campaign 378,Paid Social,22/5/2025,10/6/2025,2380,33255,3158,354,4892
379,Campaign 379,Paid Social,7/6/2025,4/7/2025,2236,37962,2528,193,7288
380,Campaign 380,Display,20/11/2025,17/12/2025,1573,29356,4258,160,7812
381,Campaign 381,Paid Social,26/5/2025,19/6/2025,1048,30306,2537,281,8509
382,Campaign 382,Display,20/10/2025,31/10/2025,2150,14997,3149,228,7297
383,Campaign 383,Email,2/6/2025,21/6/2025,1222,27376,1156,121,2654
384,Campaign 384,Affiliate,12/7/2025,22/7/2025,3968,48055,665,259,7481
385,Campaign 385,Display,14/3/2025,6/4/2025,4350,20578,1089,269,2759
386,Campaign 386,Email,1/11/2025,10/11/2025,2431,28624,3321,129,8782
387,Campaign 387,Paid Social,10/12/2025,2/1/2026,2528,49194,4758,132,3798
388,Campaign 388,Paid Social,20/5/2025,6/6/2025,4365,10389,1762,91,7159
389,Campaign 389,Email,6/7/2025,2/8/2025,2819,43767,571,322,4971
390,Campaign 390,Paid Social,20/10/2025,15/11/2025,3324,11855,4016,240,6511
391,Campaign 391,Email,2/3/2025,31/3/2025,2461,23794,4080,222,5426
392,Campaign 392,Display,17/7/2025,13/8/2025,2130,45531,768,56,2254
393,Campaign 393,Display,22/10/2025,1/11/2025,2681,14986,2276,204,7262
394,Campaign 394,Email,15/11/2025,23/11/2025,3467,42298,2962,59,5823
395,Campaign 395,Display,29/10/2025,24/11/2025,3658,11481,1768,83,9907
396,Campaign 396,Display,10/12/2025,1/1/2026,4500,13731,1515,85,3876
397,Campaign 397,Display,11/1/2025,4/2/2025,1374,26835,3222,458,4757
398,Campaign 398,Paid Search,3/3/2025,17/3/2025,3120,37798,1583,55,4624
399,Campaign 399,Affiliate,29/11/2025,8/12/2025,3021,36113,4601,457,6995
400,Campaign 400,Paid Social,14/8/2025,29/8/2025,4705,29477,906,451,8154
401,Campaign 401,Paid Search,2/6/2025,28/6/2025,2053,27266,3576,264,9787
402,Campaign 402,Display,18/7/2025,30/7/2025,4259,30792,1485,183,6121
403,Campaign 403,Email,21/2/2025,9/3/2025,4435,30452,4103,334,5004
404,Campaign 404,Display,17/9/2025,14/10/2025,2889,21889,4985,175,6516
405,Campaign 405,Affiliate,28/2/2025,16/3/2025,2823,34335,1209,458,5734
406,Campaign 406,Display,13/3/2025,1/4/2025,2474,21254,3118,488,3244
407,Campaign 407,Email,28/5/2025,20/6/2025,3242,31074,1911,386,7972
408,Campaign 408,Affiliate,15/12/2025,30/12/2025,2179,21442,1985,223,8639
409,Campaign 409,Display,4/3/2025,27/3/2025,4243,47327,3450,201,7356
410,Campaign 410,Affiliate,6/11/2025,6/12/2025,3894,26199,3434,380,8380
411,Campaign 411,Paid Social,31/8/2025,15/9/2025,2064,17291,4614,75,3008
412,Campaign 412,Paid Social,26/11/2025,11/12/2025,4134,10112,1503,432,6314
413,Campaign 413,Display,17/4/2025,24/4/2025,3070,31515,2966,164,3510
414,Campaign 414,Affiliate,14/8/2025,22/8/2025,1359,29581,2966,431,3959
415,Campaign 415,Email,9/11/2025,1/12/2025,4146,36500,2438,333,4508
416,Campaign 416,Display,6/8/2025,13/8/2025,3607,42026,2439,436,6758
417,Campaign 417,Paid Social,29/8/2025,14/9/2025,3719,26523,2135,124,4682
418,Campaign 418,Paid Social,16/9/2025,10/10/2025,3041,11424,2198,215,9311
419,Campaign 419,Display,19/9/2025,3/10/2025,4896,29552,2591,238,2989
420,Campaign 420,Affiliate,5/1/2025,1/2/2025,2141,20808,2395,127,6284
421,Campaign 421,Paid Social,18/9/2025,5/10/2025,2635,48811,4740,484,2254
422,Campaign 422,Affiliate,23/2/2025,24/3/2025,2403,16989,3898,139,6163
423,Campaign 423,Paid Social,16/2/2025,24/2/2025,5000,33620,1573,225,6711
424,Campaign 424,Paid Social,3/8/2025,17/8/2025,2943,49029,2902,70,8479
425,Campaign 425,Paid Search,26/6/2025,24/7/2025,1678,10887,3712,103,8814
426,Campaign 426,Paid Social,9/1/2025,23/1/2025,4361,41802,4537,233,8964
427,Campaign 427,Email,9/4/2025,2/5/2025,3487,29488,1651,408,6969
428,Campaign 428,Display,20/1/2025,10/2/2025,4739,40013,2945,271,9576
429,Campaign 429,Display,29/8/2025,21/9/2025,3980,26402,2456,364,8443
430,Campaign 430,Affiliate,2/3/2025,31/3/2025,1006,31205,4407,377,7721
431,Campaign 431,Paid Social,27/6/2025,27/7/2025,4267,36049,1307,228,6452
432,Campaign 432,Email,4/12/2025,23/12/2025,3468,22253,686,325,2255
433,Campaign 433,Affiliate,3/3/2025,28/3/2025,2591,28990,1807,161,3007
434,Campaign 434,Paid Search,25/5/2025,5/6/2025,1832,17846,2784,273,8496
435,Campaign 435,Affiliate,4/8/2025,22/8/2025,4264,35027,1257,263,3755
436,Campaign 436,Affiliate,3/1/2025,10/1/2025,3606,49200,4731,108,9688
437,Campaign 437,Paid Social,9/6/2025,8/7/2025,4219,13765,4354,376,4571
438,Campaign 438,Paid Search,15/8/2025,26/8/2025,2810,25950,4766,442,5908
439,Campaign 439,Affiliate,26/9/2025,10/10/2025,4740,19741,2706,158,4997
440,Campaign 440,Email,30/4/2025,19/5/2025,4273,32742,4058,434,4803
441,Campaign 441,Email,30/3/2025,13/4/2025,4515,34703,2080,206,5765
442,Campaign 442,Display,25/11/2025,24/12/2025,1913,48709,1461,240,6379
443,Campaign 443,Paid Search,9/3/2025,26/3/2025,3011,47623,4347,249,5383
444,Campaign 444,Paid Search,23/12/2025,30/12/2025,2442,32931,4075,361,2098
445,Campaign 445,Display,8/4/2025,27/4/2025,2450,33580,1375,245,2196
446,Campaign 446,Affiliate,24/9/2025,19/10/2025,4054,25166,2918,84,4529
447,Campaign 447,Paid Search,15/4/2025,15/5/2025,2502,39240,4698,428,2877
448,Campaign 448,Email,19/11/2025,28/11/2025,4546,35991,1501,436,9393
449,Campaign 449,Email,3/5/2025,2/6/2025,1125,48556,3884,295,3868
450,Campaign 450,Paid Social,29/1/2025,21/2/2025,3442,42969,4566,286,8758
451,Campaign 451,Paid Search,17/5/2025,28/5/2025,1816,20561,3345,153,4665
452,Campaign 452,Affiliate,14/7/2025,9/8/2025,3928,26901,1981,56,3388
453,Campaign 453,Display,14/8/2025,10/9/2025,2829,40020,3801,332,4415
454,Campaign 454,Display,28/11/2025,12/12/2025,1575,35917,1157,50,2569
455,Campaign 455,Affiliate,19/6/2025,9/7/2025,3372,11988,3280,268,4637
456,Campaign 456,Paid Social,9/1/2025,19/1/2025,2415,24256,922,279,9242
457,Campaign 457,Display,9/2/2025,26/2/2025,1929,32192,4181,221,3065
458,Campaign 458,Paid Search,25/1/2025,20/2/2025,4759,38230,4766,136,2421
459,Campaign 459,Paid Social,18/9/2025,9/10/2025,4699,49930,3210,90,4883
460,Campaign 460,Paid Search,14/8/2025,8/9/2025,2463,32625,952,172,3204
461,Campaign 461,Email,4/5/2025,17/5/2025,4275,42088,2897,380,2544
462,Campaign 462,Paid Social,7/2/2025,4/3/2025,4557,24114,2475,347,6166
463,Campaign 463,Display,24/11/2025,19/12/2025,1832,48401,2157,422,5639
464,Campaign 464,Paid Social,8/9/2025,25/9/2025,2054,15755,3041,466,9272
465,Campaign 465,Paid Social,25/6/2025,6/7/2025,4459,20825,3575,227,3223
466,Campaign 466,Paid Social,31/3/2025,11/4/2025,2648,32693,3664,112,5172
467,Campaign 467,Paid Social,6/2/2025,6/3/2025,2900,14117,3466,214,2767
468,Campaign 468,Paid Search,12/11/2025,26/11/2025,2457,34729,2553,236,8450
469,Campaign 469,Email,25/6/2025,11/7/2025,3884,42182,787,432,5657
470,Campaign 470,Affiliate,11/10/2025,23/10/2025,3973,38890,3717,258,7802
471,Campaign 471,Paid Social,22/3/2025,12/4/2025,2399,39340,4354,276,8520
472,Campaign 472,Display,24/4/2025,16/5/2025,4415,11518,1947,481,2654
473,Campaign 473,Paid Social,9/2/2025,4/3/2025,1442,40949,1107,438,8821
474,Campaign 474,Display,28/10/2025,11/11/2025,4650,32547,2264,97,4446
475,Campaign 475,Paid Search,12/8/2025,26/8/2025,3122,26346,1725,273,7892
476,Campaign 476,Display,14/11/2025,29/11/2025,1556,12600,1735,52,2220
477,Campaign 477,Affiliate,15/12/2025,23/12/2025,4843,39267,1529,421,5666
478,Campaign 478,Email,25/4/2025,16/5/2025,4737,46322,3171,224,6277
479,Campaign 479,Display,5/7/2025,29/7/2025,2178,36990,4462,495,6402
480,Campaign 480,Display,19/11/2025,28/11/2025,4501,26193,3677,148,4569
481,Campaign 481,Email,25/2/2025,20/3/2025,3037,40109,4222,165,7515
482,Campaign 482,Affiliate,9/2/2025,19/2/2025,1362,29233,1975,319,3013
483,Campaign 483,Paid Social,20/12/2025,30/12/2025,3495,26194,3396,496,4051
484,Campaign 484,Display,9/2/2025,1/3/2025,2257,44510,1308,417,9006
485,Campaign 485,Email,13/12/2025,28/12/2025,4634,11306,1478,302,5985
486,Campaign 486,Paid Search,25/8/2025,9/9/2025,2841,13849,2963,366,6943
487,Campaign 487,Email,16/10/2025,14/11/2025,3309,22360,1225,464,6899
488,Campaign 488,Paid Search,19/9/2025,13/10/2025,2850,39231,3001,144,9448
489,Campaign 489,Affiliate,4/8/2025,20/8/2025,3172,46963,3862,322,6310
490,Campaign 490,Paid Social,27/5/2025,23/6/2025,1910,28689,1716,429,5019
491,Campaign 491,Email,2/12/2025,12/12/2025,1244,39084,4551,73,5681
492,Campaign 492,Display,17/6/2025,5/7/2025,1541,19280,2697,165,3443
493,Campaign 493,Affiliate,2/4/2025,16/4/2025,3532,12642,3306,200,6196
494,Campaign 494,Email,19/12/2025,27/12/2025,3169,24296,1278,387,5010
495,Campaign 495,Display,28/2/2025,28/3/2025,3172,25438,1472,99,9688
496,Campaign 496,Email,28/2/2025,19/3/2025,2572,47525,3310,255,2572
497,Campaign 497,Paid Search,31/10/2025,27/11/2025,3217,12994,2623,384,3332
498,Campaign 498,Email,18/6/2025,10/7/2025,1123,44039,1098,128,6753
499,Campaign 499,Email,26/9/2025,4/10/2025,4940,11813,3841,119,9082
500,Campaign 500,Email,29/12/2025,15/1/2026,4106,37491,724,76,6002
501,Campaign 501,Affiliate,14/2/2025,2/3/2025,4158,28845,1340,320,7629
502,Campaign 502,Email,11/12/2025,1/1/2026,3693,47164,2314,99,5134
503,Campaign 503,Display,30/6/2025,23/7/2025,2731,23318,1606,341,7752
504,Campaign 504,Paid Search,19/6/2025,3/7/2025,1785,27200,624,296,6086
505,Campaign 505,Paid Search,22/12/2025,15/1/2026,3043,10082,3746,313,2225
506,Campaign 506,Email,10/7/2025,8/8/2025,3248,11920,3431,128,6200
507,Campaign 507,Affiliate,4/6/2025,19/6/2025,3416,21683,4625,436,3997
508,Campaign 508,Affiliate,7/7/2025,21/7/2025,1796,21336,3471,239,2771
509,Campaign 509,Display,7/1/2025,27/1/2025,1076,25596,2517,96,9592
510,Campaign 510,Email,13/5/2025,6/6/2025,1058,12093,2915,410,9422
511,Campaign 511,Paid Search,23/8/2025,20/9/2025,3478,22905,3596,403,6524
512,Campaign 512,Affiliate,14/2/2025,12/3/2025,3685,34351,2109,401,2433
513,Campaign 513,Email,10/11/2025,6/12/2025,2523,40981,1217,238,7326
514,Campaign 514,Affiliate,6/9/2025,3/10/2025,2936,18367,4061,465,5099
515,Campaign 515,Affiliate,31/1/2025,18/2/2025,3156,15285,1516,305,4729
516,Campaign 516,Paid Search,23/1/2025,17/2/2025,4807,47705,4065,271,5407
517,Campaign 517,Paid Social,9/6/2025,29/6/2025,4055,26753,4970,421,8731
518,Campaign 518,Display,29/12/2025,21/1/2026,2301,28485,2460,290,9795
519,Campaign 519,Display,7/6/2025,7/7/2025,1067,22977,1548,318,5140
520,Campaign 520,Paid Search,8/2/2025,7/3/2025,4140,29874,1857,50,2865
521,Campaign 521,Affiliate,23/3/2025,1/4/2025,4236,17674,3926,83,4793
522,Campaign 522,Email,22/12/2025,20/1/2026,4560,39038,615,495,9680
523,Campaign 523,Affiliate,15/9/2025,28/9/2025,3352,39315,2595,128,9334
524,Campaign 524,Paid Search,25/7/2025,17/8/2025,2932,13676,2301,285,4911
525,Campaign 525,Display,18/3/2025,5/4/2025,3721,12426,2646,383,9897
526,Campaign 526,Affiliate,12/1/2025,27/1/2025,1364,34473,2120,426,9952
527,Campaign 527,Display,22/10/2025,12/11/2025,4925,12962,3450,398,4415
528,Campaign 528,Email,12/8/2025,5/9/2025,1820,39943,4292,147,2250
529,Campaign 529,Display,13/1/2025,9/2/2025,2402,10859,3441,131,9002
530,Campaign 530,Display,15/2/2025,6/3/2025,3390,14138,1477,464,6951
531,Campaign 531,Paid Social,4/6/2025,1/7/2025,1946,45192,3566,241,5757
532,Campaign 532,Paid Social,23/4/2025,7/5/2025,3946,35640,1283,302,7289
533,Campaign 533,Paid Social,21/8/2025,10/9/2025,2577,20409,740,458,9925
534,Campaign 534,Display,17/1/2025,31/1/2025,2377,14017,2053,87,9257
535,Campaign 535,Paid Search,26/12/2025,15/1/2026,2439,20451,1512,63,6656
536,Campaign 536,Display,11/8/2025,24/8/2025,4180,38327,686,441,7565
537,Campaign 537,Paid Search,20/12/2025,18/1/2026,4634,20278,2381,396,8437
538,Campaign 538,Paid Search,7/7/2025,25/7/2025,1761,34944,930,359,2918
539,Campaign 539,Paid Social,10/12/2025,27/12/2025,4568,11134,738,435,3173
540,Campaign 540,Affiliate,31/12/2025,28/1/2026,1340,40131,2845,258,5203
541,Campaign 541,Email,12/6/2025,10/7/2025,3989,47887,575,406,2432
542,Campaign 542,Paid Social,22/11/2025,9/12/2025,1382,48462,1856,138,8202
543,Campaign 543,Paid Social,15/3/2025,12/4/2025,2003,32520,2830,105,7064
544,Campaign 544,Affiliate,21/8/2025,9/9/2025,2556,31869,2402,143,2835
545,Campaign 545,Email,12/8/2025,5/9/2025,1299,46932,4513,142,4246
546,Campaign 546,Display,15/11/2025,23/11/2025,1138,15039,2559,389,4262
547,Campaign 547,Display,1/3/2025,28/3/2025,1358,31281,640,134,2897
548,Campaign 548,Paid Social,1/12/2025,22/12/2025,1835,20442,2289,494,5632
549,Campaign 549,Email,10/8/2025,5/9/2025,2522,18252,4126,294,6567
550,Campaign 550,Paid Social,6/2/2025,2/3/2025,4456,37586,516,71,5815
551,Campaign 551,Paid Search,5/10/2025,26/10/2025,2627,27568,4848,340,2246
552,Campaign 552,Paid Social,15/7/2025,9/8/2025,2982,30810,964,321,4429
553,Campaign 553,Paid Social,18/12/2025,16/1/2026,2303,11551,4971,355,2990
554,Campaign 554,Display,30/8/2025,29/9/2025,4708,22625,2327,171,5310
555,Campaign 555,Display,20/11/2025,8/12/2025,3530,44397,3528,177,2926
556,Campaign 556,Display,7/8/2025,26/8/2025,1908,36249,1019,162,5438
557,Campaign 557,Paid Search,11/7/2025,8/8/2025,2134,11361,589,476,7287
558,Campaign 558,Display,17/1/2025,3/2/2025,3913,36149,3351,322,4607
559,Campaign 559,Email,12/1/2025,23/1/2025,3186,14370,3343,385,3074
560,Campaign 560,Affiliate,12/7/2025,19/7/2025,1995,15283,2384,491,7930
561,Campaign 561,Email,22/1/2025,21/2/2025,3482,17610,4671,179,9777
562,Campaign 562,Email,30/4/2025,9/5/2025,3556,24924,1425,181,6022
563,Campaign 563,Display,29/7/2025,26/8/2025,3320,20626,4234,134,5799
564,Campaign 564,Affiliate,2/11/2025,27/11/2025,4170,44761,1469,472,6784
565,Campaign 565,Affiliate,27/9/2025,26/10/2025,4835,10869,1594,399,8523
566,Campaign 566,Affiliate,11/7/2025,24/7/2025,4921,41552,3695,439,8617
567,Campaign 567,Paid Search,24/6/2025,12/7/2025,3151,11014,1904,130,5151
568,Campaign 568,Display,12/10/2025,2/11/2025,2237,20103,3864,374,8840
569,Campaign 569,Affiliate,23/7/2025,3/8/2025,2784,26986,4790,118,5438
570,Campaign 570,Paid Search,13/6/2025,4/7/2025,4735,40471,4482,197,7580
571,Campaign 571,Paid Social,8/9/2025,22/9/2025,3809,43458,4823,497,9054
572,Campaign 572,Paid Social,15/8/2025,31/8/2025,3834,35069,4513,65,9706
573,Campaign 573,Paid Search,7/1/2025,29/1/2025,1164,26873,3592,356,9619
574,Campaign 574,Paid Search,29/1/2025,12/2/2025,1998,33248,4659,154,9631
575,Campaign 575,Display,2/2/2025,9/2/2025,4924,33624,2574,214,7055
576,Campaign 576,Display,14/5/2025,1/6/2025,3567,39061,784,250,6573
577,Campaign 577,Paid Social,20/3/2025,31/3/2025,2307,34170,1687,246,9147
578,Campaign 578,Affiliate,27/2/2025,8/3/2025,3564,18024,4469,475,9069
579,Campaign 579,Paid Social,26/1/2025,2/2/2025,1656,26678,3465,234,5491
580,Campaign 580,Affiliate,14/8/2025,24/8/2025,3660,48256,4819,371,2706
581,Campaign 581,Affiliate,12/10/2025,26/10/2025,3211,30411,1283,314,9381
582,Campaign 582,Display,4/1/2025,13/1/2025,2909,29296,1449,412,9536
583,Campaign 583,Email,9/4/2025,25/4/2025,4730,36293,4439,149,8997
584,Campaign 584,Email,8/2/2025,16/2/2025,3046,37172,544,391,7233
585,Campaign 585,Paid Search,28/9/2025,15/10/2025,3111,31128,2310,369,5064
586,Campaign 586,Display,12/10/2025,28/10/2025,4162,28257,2581,263,2753
587,Campaign 587,Affiliate,6/6/2025,3/7/2025,2140,22855,3998,327,8646
588,Campaign 588,Email,16/3/2025,5/4/2025,2889,29642,1329,211,7755
589,Campaign 589,Affiliate,15/10/2025,28/10/2025,1266,45585,2409,488,8960
590,Campaign 590,Email,10/5/2025,18/5/2025,2845,30025,3081,206,2587
591,Campaign 591,Email,24/6/2025,9/7/2025,2708,14458,1191,471,3334
592,Campaign 592,Email,25/3/2025,16/4/2025,4630,15307,4519,300,7588
593,Campaign 593,Display,22/1/2025,10/2/2025,4211,28425,1431,415,3847
594,Campaign 594,Paid Social,27/1/2025,11/2/2025,3293,38273,3906,146,8851
595,Campaign 595,Affiliate,14/7/2025,9/8/2025,4732,48506,647,67,5934
596,Campaign 596,Display,3/12/2025,13/12/2025,4829,15668,1532,376,9211
597,Campaign 597,Display,24/8/2025,21/9/2025,3442,35934,1811,498,9582
598,Campaign 598,Display,2/4/2025,18/4/2025,2510,17697,887,432,9865
599,Campaign 599,Display,21/1/2025,18/2/2025,1475,34417,3621,146,5926
600,Campaign 600,Display,30/10/2025,17/11/2025,4588,26446,2373,50,5317
601,Campaign 601,Paid Search,23/12/2025,15/1/2026,1976,20751,4088,265,6020
602,Campaign 602,Affiliate,25/3/2025,14/4/2025,2207,17352,1415,181,5155
603,Campaign 603,Display,19/9/2025,9/10/2025,2043,23516,2378,309,6302
604,Campaign 604,Affiliate,27/5/2025,4/6/2025,2960,33299,4248,174,4198
605,Campaign 605,Paid Search,14/9/2025,11/10/2025,1557,41957,777,131,8811
606,Campaign 606,Paid Search,27/2/2025,25/3/2025,2017,38927,2477,332,8671
607,Campaign 607,Affiliate,15/1/2025,1/2/2025,4595,46412,2359,220,2164
608,Campaign 608,Email,11/6/2025,3/7/2025,2605,39493,3536,108,9060
609,Campaign 609,Paid Social,12/6/2025,7/7/2025,4600,36711,3871,81,3998
610,Campaign 610,Email,16/11/2025,15/12/2025,1882,18003,2682,210,9312
611,Campaign 611,Email,8/10/2025,20/10/2025,3194,41707,1670,333,5057
612,Campaign 612,Email,7/10/2025,6/11/2025,1665,13278,989,155,4084
613,Campaign 613,Display,12/1/2025,6/2/2025,4375,17296,3025,154,6428
614,Campaign 614,Paid Search,1/10/2025,12/10/2025,3667,35398,1682,488,2402
615,Campaign 615,Email,28/9/2025,8/10/2025,2771,45842,4979,277,2413
616,Campaign 616,Paid Search,27/7/2025,17/8/2025,3867,23261,4758,237,2044
617,Campaign 617,Affiliate,27/1/2025,6/2/2025,1863,21173,2988,119,9569
618,Campaign 618,Paid Social,13/3/2025,8/4/2025,1581,40449,2376,367,8349
619,Campaign 619,Affiliate,1/3/2025,17/3/2025,4070,11637,2962,339,6157
620,Campaign 620,Affiliate,25/5/2025,24/6/2025,1694,41781,2130,136,4467
621,Campaign 621,Display,3/4/2025,1/5/2025,4833,23652,787,419,2867
622,Campaign 622,Paid Social,5/11/2025,14/11/2025,2251,15103,4782,411,7587
623,Campaign 623,Affiliate,8/1/2025,19/1/2025,4173,35500,2407,105,8963
624,Campaign 624,Affiliate,20/3/2025,1/4/2025,2610,44800,1661,162,2018
625,Campaign 625,Paid Social,27/1/2025,23/2/2025,4488,45529,629,62,2364
626,Campaign 626,Paid Social,23/6/2025,21/7/2025,2239,28452,2863,489,9467
627,Campaign 627,Affiliate,19/2/2025,5/3/2025,3454,41174,643,67,9174
628,Campaign 628,Paid Social,18/7/2025,31/7/2025,1398,45436,515,231,5832
629,Campaign 629,Affiliate,15/12/2025,11/1/2026,2946,25954,744,162,8571
630,Campaign 630,Affiliate,30/6/2025,16/7/2025,1714,27186,1426,278,7236
631,Campaign 631,Display,24/1/2025,5/2/2025,1703,22356,3678,220,2579
632,Campaign 632,Email,12/11/2025,2/12/2025,3808,42963,2676,344,9674
633,Campaign 633,Affiliate,15/2/2025,25/2/2025,3546,12187,1386,238,2545
634,Campaign 634,Paid Search,15/1/2025,3/2/2025,4825,21707,840,475,7825
635,Campaign 635,Email,2/6/2025,28/6/2025,4536,45098,2551,128,8468
636,Campaign 636,Email,10/8/2025,2/9/2025,2714,36935,3898,195,6150
637,Campaign 637,Email,25/7/2025,23/8/2025,2972,31225,4450,456,6873
638,Campaign 638,Display,30/9/2025,13/10/2025,4021,13606,805,231,5039
639,Campaign 639,Affiliate,24/8/2025,3/9/2025,4802,42828,1407,335,6137
640,Campaign 640,Display,6/12/2025,26/12/2025,1081,36489,3154,299,7416
641,Campaign 641,Affiliate,16/8/2025,25/8/2025,1603,24387,4292,403,6044
642,Campaign 642,Display,9/1/2025,8/2/2025,2970,13927,4542,363,6326
643,Campaign 643,Display,15/6/2025,26/6/2025,2710,16296,1871,245,2452
644,Campaign 644,Paid Search,15/11/2025,7/12/2025,3046,40444,820,372,5961
645,Campaign 645,Display,2/8/2025,31/8/2025,4822,12591,4559,120,8537
646,Campaign 646,Paid Social,27/4/2025,23/5/2025,3819,36147,1631,297,7641
647,Campaign 647,Paid Search,10/12/2025,20/12/2025,1902,48889,3078,195,3381
648,Campaign 648,Display,13/3/2025,12/4/2025,1364,11200,4542,155,3467
649,Campaign 649,Email,5/3/2025,4/4/2025,1162,25721,3867,312,7247
650,Campaign 650,Paid Social,24/7/2025,1/8/2025,4119,29238,1317,345,4738
651,Campaign 651,Paid Social,28/7/2025,21/8/2025,3558,21087,511,119,9572
652,Campaign 652,Paid Social,13/3/2025,7/4/2025,4400,40816,694,242,8535
653,Campaign 653,Paid Search,4/10/2025,29/10/2025,2863,33408,3037,117,3216
654,Campaign 654,Display,1/10/2025,24/10/2025,1115,49740,3342,354,8747
655,Campaign 655,Display,16/11/2025,6/12/2025,3988,10136,2729,101,2880
656,Campaign 656,Email,4/12/2025,29/12/2025,4920,27413,3509,419,5814
657,Campaign 657,Email,5/4/2025,3/5/2025,3384,28978,2577,412,5149
658,Campaign 658,Paid Social,15/6/2025,15/7/2025,1880,10661,4367,334,2084
659,Campaign 659,Email,1/2/2025,20/2/2025,3784,45240,943,454,7149
660,Campaign 660,Paid Search,11/1/2025,29/1/2025,4935,37253,797,383,9892
661,Campaign 661,Display,28/10/2025,9/11/2025,1839,36884,1344,58,6144
662,Campaign 662,Paid Social,5/8/2025,1/9/2025,3194,42854,1515,300,9944
663,Campaign 663,Email,16/10/2025,26/10/2025,4646,20704,1884,480,3168
664,Campaign 664,Paid Search,12/4/2025,7/5/2025,4877,48987,1897,381,6164
665,Campaign 665,Paid Search,24/9/2025,16/10/2025,2346,34527,1053,347,5129
666,Campaign 666,Email,2/8/2025,21/8/2025,3490,26322,2850,484,8840
667,Campaign 667,Display,28/6/2025,8/7/2025,3884,16968,1769,233,5645
668,Campaign 668,Email,29/3/2025,27/4/2025,2036,37518,1760,228,4526
669,Campaign 669,Paid Social,10/2/2025,5/3/2025,1942,37886,684,247,4867
670,Campaign 670,Email,17/3/2025,15/4/2025,4565,11700,2910,177,5516
671,Campaign 671,Paid Search,15/2/2025,22/2/2025,2724,38246,4931,69,5367
672,Campaign 672,Email,9/6/2025,3/7/2025,3334,45468,2709,460,7797
673,Campaign 673,Display,21/3/2025,16/4/2025,3767,33199,4172,471,9338
674,Campaign 674,Affiliate,6/11/2025,29/11/2025,2137,42115,2381,377,7694
675,Campaign 675,Email,27/3/2025,17/4/2025,3527,15520,4796,114,4194
676,Campaign 676,Display,2/4/2025,19/4/2025,1021,46455,1021,231,5555
677,Campaign 677,Display,28/5/2025,25/6/2025,4420,30929,2387,290,9473
678,Campaign 678,Paid Search,10/6/2025,29/6/2025,2749,24955,3052,418,9840
679,Campaign 679,Display,21/7/2025,28/7/2025,1682,23917,4309,73,9820
680,Campaign 680,Display,30/8/2025,22/9/2025,4906,14757,4655,433,7965
681,Campaign 681,Display,19/12/2025,31/12/2025,4637,23045,4916,480,7111
682,Campaign 682,Display,2/1/2025,12/1/2025,3953,14733,3979,132,8752
683,Campaign 683,Paid Social,13/8/2025,8/9/2025,2833,40954,1909,368,2445
684,Campaign 684,Paid Social,16/10/2025,7/11/2025,3367,41135,2194,234,8364
685,Campaign 685,Paid Search,21/8/2025,11/9/2025,1125,17081,1026,488,5626
686,Campaign 686,Email,18/3/2025,8/4/2025,1276,33501,3160,365,6016
687,Campaign 687,Display,26/4/2025,8/5/2025,2999,31113,2672,148,5875
688,Campaign 688,Email,3/6/2025,24/6/2025,2227,44441,779,111,7497
689,Campaign 689,Email,13/4/2025,3/5/2025,3241,34690,3464,335,9787
690,Campaign 690,Paid Search,13/7/2025,30/7/2025,4752,39345,4477,71,5337
691,Campaign 691,Display,15/6/2025,28/6/2025,4735,36829,3169,261,8238
692,Campaign 692,Display,25/12/2025,9/1/2026,4618,45062,3393,175,2261
693,Campaign 693,Affiliate,31/3/2025,22/4/2025,1695,13630,2251,462,3848
694,Campaign 694,Email,23/6/2025,4/7/2025,2309,41870,4481,474,6992
695,Campaign 695,Email,2/5/2025,28/5/2025,1056,13453,2861,91,7190
696,Campaign 696,Paid Social,23/5/2025,8/6/2025,4805,47275,4927,147,6025
697,Campaign 697,Affiliate,16/4/2025,10/5/2025,4374,48396,4631,498,4266
698,Campaign 698,Paid Social,1/11/2025,10/11/2025,4234,18328,2208,80,7652
699,Campaign 699,Paid Social,26/12/2025,14/1/2026,1018,25534,3186,207,2091
700,Campaign 700,Paid Social,13/11/2025,30/11/2025,4441,29744,3395,161,6222
701,Campaign 701,Paid Search,3/5/2025,26/5/2025,3311,29389,3276,451,6175
702,Campaign 702,Paid Search,9/1/2025,6/2/2025,3841,46320,1619,296,7943
703,Campaign 703,Paid Social,19/9/2025,8/10/2025,1112,45010,3488,171,5309
704,Campaign 704,Affiliate,14/3/2025,26/3/2025,4559,24665,4759,322,2982
705,Campaign 705,Email,25/12/2025,17/1/2026,4398,47865,4743,343,5443
706,Campaign 706,Affiliate,11/8/2025,30/8/2025,1541,18640,694,447,7011
707,Campaign 707,Display,10/2/2025,7/3/2025,3694,44716,1162,256,4533
708,Campaign 708,Paid Search,23/7/2025,19/8/2025,1578,35521,979,159,2693
709,Campaign 709,Email,21/9/2025,16/10/2025,2088,40049,4718,489,6120
710,Campaign 710,Email,24/11/2025,10/12/2025,4363,15618,1923,327,2155
711,Campaign 711,Display,27/6/2025,6/7/2025,1024,47004,3208,500,5588
712,Campaign 712,Display,14/12/2025,3/1/2026,2572,11920,3675,105,8775
713,Campaign 713,Paid Social,14/11/2025,9/12/2025,3048,14188,4314,424,3812
714,Campaign 714,Paid Search,25/3/2025,5/4/2025,3958,22207,2514,452,7649
715,Campaign 715,Paid Search,14/11/2025,25/11/2025,2572,10238,4289,106,8062
716,Campaign 716,Affiliate,21/4/2025,17/5/2025,1140,42972,2943,477,7829
717,Campaign 717,Paid Social,8/9/2025,1/10/2025,2767,20799,1411,340,7176
718,Campaign 718,Paid Social,7/1/2025,3/2/2025,1647,15552,3713,163,7724
719,Campaign 719,Paid Social,25/3/2025,10/4/2025,4972,38916,2864,430,6114
720,Campaign 720,Paid Social,27/7/2025,7/8/2025,3235,14927,4129,434,3407
721,Campaign 721,Paid Search,10/11/2025,20/11/2025,4199,37964,3972,357,3216
722,Campaign 722,Paid Search,22/1/2025,3/2/2025,1200,21164,1180,390,8380
723,Campaign 723,Paid Social,3/1/2025,13/1/2025,4198,47158,1109,247,3410
724,Campaign 724,Affiliate,7/5/2025,20/5/2025,1256,29071,2656,470,5497
725,Campaign 725,Email,24/10/2025,6/11/2025,4747,16160,4366,370,6372
726,Campaign 726,Email,7/7/2025,31/7/2025,1546,25810,871,228,9394
727,Campaign 727,Affiliate,28/12/2025,6/1/2026,3241,15126,1115,434,6840
728,Campaign 728,Paid Social,14/1/2025,21/1/2025,3750,40009,2753,268,2551
729,Campaign 729,Paid Search,12/1/2025,11/2/2025,4175,43584,4638,326,5394
730,Campaign 730,Email,28/3/2025,7/4/2025,4606,35396,1364,486,3176
731,Campaign 731,Display,12/1/2025,24/1/2025,4336,10192,1768,65,6734
732,Campaign 732,Display,25/1/2025,9/2/2025,1801,46413,1284,428,6332
733,Campaign 733,Affiliate,28/10/2025,25/11/2025,1941,22816,4678,110,2997
734,Campaign 734,Paid Social,31/8/2025,20/9/2025,4455,49082,2737,103,6076
735,Campaign 735,Email,2/5/2025,20/5/2025,4331,42130,4554,217,8198
736,Campaign 736,Paid Social,27/5/2025,22/6/2025,1413,46468,1435,75,8099
737,Campaign 737,Email,24/2/2025,26/3/2025,3014,40698,4480,385,7555
738,Campaign 738,Affiliate,26/8/2025,5/9/2025,2381,20655,2838,114,4731
739,Campaign 739,Affiliate,22/12/2025,18/1/2026,2098,40075,825,149,8252
740,Campaign 740,Display,22/6/2025,22/7/2025,4426,19359,2034,123,5937
741,Campaign 741,Paid Social,9/8/2025,27/8/2025,4655,46661,3980,241,6052
742,Campaign 742,Display,29/4/2025,15/5/2025,4842,49579,4361,220,7303
743,Campaign 743,Paid Social,5/11/2025,3/12/2025,1909,43272,2485,322,7487
744,Campaign 744,Display,2/7/2025,15/7/2025,1187,24671,3278,426,8102
745,Campaign 745,Paid Search,15/10/2025,24/10/2025,4756,37048,1770,236,7317
746,Campaign 746,Paid Search,3/11/2025,2/12/2025,3015,20738,1140,72,7490
747,Campaign 747,Paid Search,27/10/2025,16/11/2025,2313,35963,4578,440,2372
748,Campaign 748,Paid Search,23/3/2025,22/4/2025,3092,16773,1867,477,9116
749,Campaign 749,Email,30/7/2025,15/8/2025,4644,46584,4542,230,7616
750,Campaign 750,Paid Search,30/5/2025,21/6/2025,3130,39894,3075,376,9766
751,Campaign 751,Affiliate,6/2/2025,28/2/2025,2146,10717,4103,157,4248
752,Campaign 752,Affiliate,18/12/2025,15/1/2026,1357,21676,2081,384,2848
753,Campaign 753,Email,8/11/2025,24/11/2025,2551,14434,2486,211,4556
754,Campaign 754,Paid Search,27/12/2025,15/1/2026,2089,47825,2740,351,7441
755,Campaign 755,Paid Search,28/2/2025,12/3/2025,3983,39100,4466,255,4322
756,Campaign 756,Paid Search,11/5/2025,29/5/2025,2680,14994,2605,127,8354
757,Campaign 757,Display,21/7/2025,5/8/2025,3422,14234,628,65,2503
758,Campaign 758,Paid Social,31/8/2025,19/9/2025,1161,13764,4496,376,5189
759,Campaign 759,Display,4/2/2025,14/2/2025,4817,47405,1351,145,2702
760,Campaign 760,Paid Social,3/4/2025,3/5/2025,4451,44872,4603,196,5625
761,Campaign 761,Paid Search,26/7/2025,12/8/2025,4727,33185,2576,51,8185
762,Campaign 762,Paid Search,19/12/2025,14/1/2026,4429,21999,3494,59,2314
763,Campaign 763,Display,28/11/2025,22/12/2025,4259,46487,4244,483,8931
764,Campaign 764,Display,1/11/2025,18/11/2025,3369,12581,3256,174,4376
765,Campaign 765,Paid Social,16/12/2025,12/1/2026,1449,12763,2144,130,3040
766,Campaign 766,Affiliate,1/8/2025,11/8/2025,2497,37374,4871,189,6378
767,Campaign 767,Paid Social,8/6/2025,2/7/2025,2036,48759,3644,375,4990
768,Campaign 768,Display,24/1/2025,31/1/2025,3231,20531,742,199,2257
769,Campaign 769,Display,20/10/2025,2/11/2025,3158,35307,4585,337,2574
770,Campaign 770,Email,4/1/2025,16/1/2025,2950,40835,670,410,6669
771,Campaign 771,Display,8/8/2025,29/8/2025,3555,21064,1152,389,8755
772,Campaign 772,Email,30/12/2025,23/1/2026,2313,21312,4012,178,7138
773,Campaign 773,Affiliate,20/1/2025,19/2/2025,3342,47548,1999,487,3552
774,Campaign 774,Paid Social,1/6/2025,18/6/2025,4522,46945,2599,288,8980
775,Campaign 775,Paid Social,19/2/2025,17/3/2025,3951,16476,2658,107,6518
776,Campaign 776,Email,26/6/2025,26/7/2025,2238,34565,2472,247,7585
777,Campaign 777,Paid Social,6/4/2025,27/4/2025,1973,12382,4425,260,7492
778,Campaign 778,Display,15/4/2025,7/5/2025,1631,32463,2758,451,2757
779,Campaign 779,Paid Search,7/9/2025,20/9/2025,4965,43402,4539,439,4810
780,Campaign 780,Email,27/4/2025,24/5/2025,2590,36345,2535,94,3104
781,Campaign 781,Paid Social,20/12/2025,5/1/2026,2050,36946,3771,146,7670
782,Campaign 782,Email,16/8/2025,3/9/2025,4701,24162,1357,328,9715
783,Campaign 783,Email,7/3/2025,6/4/2025,3780,18397,4323,72,8567
784,Campaign 784,Paid Search,1/12/2025,21/12/2025,4302,32335,1549,459,6524
785,Campaign 785,Display,19/9/2025,30/9/2025,2588,24394,4490,440,5459
786,Campaign 786,Email,22/10/2025,18/11/2025,4878,37197,798,384,8117
787,Campaign 787,Paid Social,31/8/2025,24/9/2025,3368,32010,1423,93,5992
788,Campaign 788,Affiliate,5/7/2025,16/7/2025,3960,34123,4732,76,9876
789,Campaign 789,Email,3/9/2025,12/9/2025,4304,32387,4806,331,9837
790,Campaign 790,Email,5/5/2025,3/6/2025,2693,12890,3299,146,2203
791,Campaign 791,Paid Search,25/9/2025,6/10/2025,1436,37769,4562,85,8339
792,Campaign 792,Display,11/5/2025,10/6/2025,3828,18026,4545,158,4775
793,Campaign 793,Affiliate,25/8/2025,17/9/2025,2556,13306,2302,104,4332
794,Campaign 794,Paid Social,18/1/2025,12/2/2025,4474,43665,3213,241,3992
795,Campaign 795,Affiliate,9/2/2025,6/3/2025,2076,19277,3353,268,4243
796,Campaign 796,Paid Social,21/1/2025,17/2/2025,4858,24683,3157,234,2306
797,Campaign 797,Display,13/8/2025,31/8/2025,4384,10670,3846,118,3687
798,Campaign 798,Paid Social,21/12/2025,5/1/2026,2304,33675,1971,366,6109
799,Campaign 799,Paid Search,9/10/2025,16/10/2025,3773,27889,3449,179,3860
800,Campaign 800,Paid Search,8/1/2025,1/2/2025,3078,23006,1441,104,9313
801,Campaign 801,Paid Search,10/4/2025,7/5/2025,3384,36531,2407,427,3961
802,Campaign 802,Paid Search,28/8/2025,7/9/2025,1182,31639,1743,146,7176
803,Campaign 803,Affiliate,28/3/2025,13/4/2025,4094,26633,4923,385,2722
804,Campaign 804,Display,25/10/2025,7/11/2025,3591,44660,1966,136,2779
805,Campaign 805,Paid Social,14/1/2025,11/2/2025,2469,13439,4457,343,7329
806,Campaign 806,Paid Social,30/11/2025,29/12/2025,4145,42172,2466,168,2528
807,Campaign 807,Paid Search,2/1/2025,9/1/2025,4081,45622,875,257,6893
808,Campaign 808,Paid Search,20/10/2025,12/11/2025,4555,21577,762,383,2343
809,Campaign 809,Email,21/11/2025,21/12/2025,2479,21763,4862,462,5786
810,Campaign 810,Display,10/2/2025,18/2/2025,2589,30176,3888,203,5682
811,Campaign 811,Affiliate,14/11/2025,1/12/2025,2587,34255,3895,84,7398
812,Campaign 812,Paid Social,12/11/2025,27/11/2025,1659,29996,2444,128,2208
813,Campaign 813,Email,21/4/2025,4/5/2025,1159,45386,2393,116,6736
814,Campaign 814,Email,14/1/2025,11/2/2025,4953,31062,4134,392,5406
815,Campaign 815,Paid Social,19/8/2025,11/9/2025,4085,45931,2152,462,3311
816,Campaign 816,Affiliate,25/3/2025,17/4/2025,4249,45710,4641,83,4299
817,Campaign 817,Email,10/5/2025,18/5/2025,3459,44693,4392,146,5336
818,Campaign 818,Email,19/8/2025,31/8/2025,4949,45740,1099,218,8414
819,Campaign 819,Display,22/11/2025,12/12/2025,2011,21705,2412,218,3947
820,Campaign 820,Affiliate,25/5/2025,6/6/2025,1052,38047,1792,200,2919
821,Campaign 821,Email,11/12/2025,19/12/2025,3455,20966,1100,120,7819
822,Campaign 822,Affiliate,28/1/2025,4/2/2025,3894,27374,880,52,4044
823,Campaign 823,Paid Social,7/3/2025,23/3/2025,2045,21138,4713,363,2418
824,Campaign 824,Paid Search,12/6/2025,9/7/2025,2053,25935,4137,81,3749
825,Campaign 825,Email,17/8/2025,28/8/2025,3750,10489,2663,336,4842
826,Campaign 826,Display,18/9/2025,26/9/2025,3307,32260,4855,131,9378
827,Campaign 827,Paid Social,13/6/2025,11/7/2025,2228,36069,1598,92,7484
828,Campaign 828,Affiliate,28/10/2025,19/11/2025,4130,29275,865,440,3099
829,Campaign 829,Paid Social,30/10/2025,7/11/2025,2494,46284,3070,154,9827
830,Campaign 830,Email,14/10/2025,30/10/2025,3823,49178,3919,50,5392
831,Campaign 831,Affiliate,10/1/2025,18/1/2025,2489,42821,2976,110,4772
832,Campaign 832,Paid Search,14/7/2025,5/8/2025,2035,26999,1290,319,4480
833,Campaign 833,Paid Social,28/4/2025,20/5/2025,4702,48712,4069,229,8252
834,Campaign 834,Email,27/9/2025,22/10/2025,2950,43722,1246,273,8784
835,Campaign 835,Display,21/3/2025,3/4/2025,4361,20625,812,55,3545
836,Campaign 836,Affiliate,3/4/2025,1/5/2025,1849,11629,1420,152,3070
837,Campaign 837,Paid Social,23/9/2025,11/10/2025,4831,20973,1577,59,8522
838,Campaign 838,Paid Social,28/11/2025,28/12/2025,1353,16859,3329,120,3850
839,Campaign 839,Paid Search,16/12/2025,6/1/2026,4710,46046,2881,139,7215
840,Campaign 840,Paid Search,27/12/2025,10/1/2026,2098,31839,4118,275,7053
841,Campaign 841,Display,14/9/2025,26/9/2025,3920,37216,1297,207,6198
842,Campaign 842,Display,13/5/2025,29/5/2025,2739,28945,4943,277,4939
843,Campaign 843,Email,3/10/2025,12/10/2025,4632,16539,772,454,8997
844,Campaign 844,Email,21/9/2025,16/10/2025,4662,43625,3510,175,7265
845,Campaign 845,Display,20/6/2025,13/7/2025,2464,14886,2273,493,3903
846,Campaign 846,Display,1/1/2025,14/1/2025,1990,17485,3047,258,9194
847,Campaign 847,Affiliate,9/11/2025,6/12/2025,2264,41455,3664,146,7851
848,Campaign 848,Paid Search,5/3/2025,31/3/2025,4065,26767,1446,123,8673
849,Campaign 849,Email,11/10/2025,21/10/2025,2884,38453,3165,164,2678
850,Campaign 850,Paid Search,1/5/2025,21/5/2025,4225,20744,1006,240,8064
851,Campaign 851,Paid Search,17/4/2025,13/5/2025,2809,47102,743,219,2988
852,Campaign 852,Display,24/6/2025,22/7/2025,4167,22226,1005,356,7201
853,Campaign 853,Affiliate,23/7/2025,13/8/2025,4797,37869,3658,497,4475
854,Campaign 854,Paid Social,14/6/2025,14/7/2025,3341,32588,4090,253,3607
855,Campaign 855,Affiliate,1/11/2025,15/11/2025,3256,23440,2372,105,4869
856,Campaign 856,Affiliate,30/4/2025,27/5/2025,4414,41709,4293,257,3502
857,Campaign 857,Paid Search,13/2/2025,6/3/2025,2111,32495,1692,90,3789
858,Campaign 858,Affiliate,8/11/2025,6/12/2025,1817,47019,4925,81,7281
859,Campaign 859,Email,5/6/2025,1/7/2025,2799,10922,1964,64,7027
860,Campaign 860,Paid Search,26/7/2025,15/8/2025,2960,37526,890,111,3425
861,Campaign 861,Email,18/4/2025,3/5/2025,3437,17957,4976,204,9675
862,Campaign 862,Paid Social,8/9/2025,22/9/2025,3372,43998,3877,333,7157
863,Campaign 863,Paid Search,30/11/2025,23/12/2025,3987,34031,1172,258,8074
864,Campaign 864,Paid Social,10/5/2025,18/5/2025,1888,20006,3060,369,8654
865,Campaign 865,Paid Search,20/10/2025,19/11/2025,2855,47701,1711,236,4440
866,Campaign 866,Display,20/1/2025,29/1/2025,2180,35939,1429,491,4042
867,Campaign 867,Affiliate,9/10/2025,23/10/2025,1667,30324,2039,179,8856
868,Campaign 868,Display,12/10/2025,30/10/2025,4722,32867,1412,176,8637
869,Campaign 869,Paid Social,1/1/2025,8/1/2025,1632,10203,1143,341,9367
870,Campaign 870,Affiliate,29/4/2025,15/5/2025,3624,26544,1001,163,3278
871,Campaign 871,Paid Search,4/2/2025,2/3/2025,2642,25899,1229,248,7298
872,Campaign 872,Affiliate,17/7/2025,26/7/2025,4730,39063,1783,62,4594
873,Campaign 873,Email,2/9/2025,14/9/2025,1136,35344,2618,320,6689
874,Campaign 874,Affiliate,28/2/2025,13/3/2025,2946,13748,4886,138,4436
875,Campaign 875,Email,21/11/2025,17/12/2025,2697,49486,4336,264,7517
876,Campaign 876,Affiliate,10/6/2025,9/7/2025,1427,11093,1419,493,5803
877,Campaign 877,Email,28/6/2025,22/7/2025,2475,25228,4550,327,4205
878,Campaign 878,Paid Social,25/7/2025,11/8/2025,3659,30884,2839,496,3027
879,Campaign 879,Display,12/1/2025,6/2/2025,4921,35183,1255,252,8310
880,Campaign 880,Paid Search,3/10/2025,14/10/2025,3958,26034,2369,123,5539
881,Campaign 881,Affiliate,30/6/2025,25/7/2025,1818,15710,4972,74,7055
882,Campaign 882,Display,30/8/2025,16/9/2025,3188,29259,1007,150,8552
883,Campaign 883,Paid Search,4/8/2025,3/9/2025,2106,45959,1936,225,5483
884,Campaign 884,Paid Search,8/9/2025,26/9/2025,3224,43457,3075,476,9371
885,Campaign 885,Email,26/10/2025,11/11/2025,1197,30143,3926,166,4241
886,Campaign 886,Paid Social,6/5/2025,20/5/2025,3671,12103,1058,215,8378
887,Campaign 887,Paid Social,5/8/2025,4/9/2025,4639,10365,3602,90,4765
888,Campaign 888,Display,2/11/2025,17/11/2025,2995,26103,4122,478,3173
889,Campaign 889,Paid Social,12/10/2025,22/10/2025,3738,42510,4899,393,5230
890,Campaign 890,Affiliate,4/7/2025,15/7/2025,4492,34476,4557,473,5350
891,Campaign 891,Paid Social,8/2/2025,7/3/2025,3448,22742,4215,415,6911
892,Campaign 892,Display,11/8/2025,25/8/2025,4769,22391,1801,169,2403
893,Campaign 893,Paid Social,3/7/2025,1/8/2025,1470,46940,2655,146,6988
894,Campaign 894,Affiliate,27/6/2025,12/7/2025,3265,38901,1192,194,4725
895,Campaign 895,Email,21/10/2025,11/11/2025,2948,42001,4850,265,5382
896,Campaign 896,Display,6/12/2025,27/12/2025,1928,25623,1978,278,6163
897,Campaign 897,Email,31/5/2025,22/6/2025,4899,12378,756,362,9630
898,Campaign 898,Email,6/5/2025,26/5/2025,3010,31372,2930,179,2087
899,Campaign 899,Email,28/10/2025,11/11/2025,4800,48437,941,401,8360
900,Campaign 900,Paid Search,4/11/2025,28/11/2025,3679,45503,2381,426,8144
901,Campaign 901,Paid Search,2/12/2025,18/12/2025,3998,40746,3146,367,3158
902,Campaign 902,Email,22/8/2025,17/9/2025,1905,37923,4320,186,7816
903,Campaign 903,Display,8/1/2025,20/1/2025,3222,19867,2235,373,7470
904,Campaign 904,Affiliate,7/12/2025,25/12/2025,1022,43724,4235,386,8283
905,Campaign 905,Affiliate,9/5/2025,17/5/2025,4796,19306,3145,322,8761
906,Campaign 906,Paid Social,21/9/2025,4/10/2025,4988,49391,518,166,8276
907,Campaign 907,Display,6/6/2025,28/6/2025,1234,24908,1624,355,7739
908,Campaign 908,Paid Search,18/12/2025,27/12/2025,4084,37081,4485,417,6273
909,Campaign 909,Email,24/12/2025,12/1/2026,2124,47228,3154,143,4857
910,Campaign 910,Paid Social,5/1/2025,14/1/2025,1928,33386,2580,217,3381
911,Campaign 911,Affiliate,27/3/2025,20/4/2025,4607,38302,2047,491,8523
912,Campaign 912,Paid Search,24/6/2025,11/7/2025,4947,29212,1361,252,7003
913,Campaign 913,Paid Search,17/10/2025,31/10/2025,1522,45618,654,390,8801
914,Campaign 914,Email,12/7/2025,24/7/2025,2808,20698,3994,198,8593
915,Campaign 915,Affiliate,7/11/2025,14/11/2025,4523,14594,1404,451,6681
916,Campaign 916,Display,29/4/2025,6/5/2025,1430,35525,1769,232,8606
917,Campaign 917,Paid Search,6/8/2025,4/9/2025,1792,24282,904,462,7085
918,Campaign 918,Email,24/4/2025,8/5/2025,2629,24334,1343,201,7227
919,Campaign 919,Display,25/5/2025,5/6/2025,2736,39179,2282,123,8265
920,Campaign 920,Affiliate,26/1/2025,17/2/2025,1532,16644,2064,414,4064
921,Campaign 921,Paid Search,16/5/2025,2/6/2025,4923,45618,1684,450,7315
922,Campaign 922,Display,30/10/2025,10/11/2025,4026,42933,1246,323,4374
923,Campaign 923,Display,20/8/2025,30/8/2025,2746,43687,2225,91,2317
924,Campaign 924,Display,17/3/2025,29/3/2025,2675,27375,3688,261,8952
925,Campaign 925,Paid Search,24/11/2025,14/12/2025,2316,40926,770,150,3502
926,Campaign 926,Paid Search,11/12/2025,8/1/2026,3857,46607,4456,94,8130
927,Campaign 927,Paid Social,29/10/2025,23/11/2025,1912,27642,671,131,9419
928,Campaign 928,Affiliate,16/10/2025,31/10/2025,2124,33993,773,66,4042
929,Campaign 929,Email,1/1/2025,19/1/2025,2525,31188,2806,122,6598
930,Campaign 930,Display,27/5/2025,13/6/2025,2327,42596,1658,63,4022
931,Campaign 931,Paid Social,14/10/2025,3/11/2025,3918,37772,2206,482,2118
932,Campaign 932,Email,22/5/2025,20/6/2025,3587,40857,2271,206,9841
933,Campaign 933,Paid Social,22/2/2025,16/3/2025,2023,20776,921,272,2709
934,Campaign 934,Paid Search,31/10/2025,7/11/2025,2576,42835,1709,181,9665
935,Campaign 935,Display,10/3/2025,29/3/2025,2378,19788,1390,387,5557
936,Campaign 936,Email,27/12/2025,25/1/2026,4374,15660,3767,453,6140
937,Campaign 937,Email,31/3/2025,27/4/2025,2519,14478,1973,425,6409
938,Campaign 938,Email,8/8/2025,4/9/2025,2681,18210,3743,425,5250
939,Campaign 939,Email,11/7/2025,30/7/2025,4839,20922,4978,96,2417
940,Campaign 940,Email,4/3/2025,12/3/2025,2997,46289,2681,156,4603
941,Campaign 941,Paid Social,14/3/2025,24/3/2025,1226,43340,1949,157,5854
942,Campaign 942,Display,10/6/2025,22/6/2025,2259,49850,3596,314,3101
943,Campaign 943,Paid Search,18/6/2025,17/7/2025,1872,48163,3756,254,6421
944,Campaign 944,Paid Search,30/3/2025,10/4/2025,1891,28642,3656,128,9857
945,Campaign 945,Paid Search,25/6/2025,4/7/2025,2478,21094,2090,204,5428
946,Campaign 946,Paid Search,26/9/2025,3/10/2025,2036,32423,4739,320,7535
947,Campaign 947,Paid Social,14/3/2025,24/3/2025,3257,43418,4481,296,8082
948,Campaign 948,Affiliate,2/9/2025,28/9/2025,3788,15741,1935,68,8658
949,Campaign 949,Display,18/3/2025,26/3/2025,1396,16838,723,395,4261
950,Campaign 950,Email,8/6/2025,19/6/2025,2123,13262,719,485,6169
951,Campaign 951,Affiliate,20/11/2025,29/11/2025,3078,14996,4774,75,5634
952,Campaign 952,Paid Search,8/4/2025,23/4/2025,3945,32164,2154,266,7698
953,Campaign 953,Affiliate,12/4/2025,8/5/2025,4599,45595,764,203,2508
954,Campaign 954,Display,12/5/2025,24/5/2025,1648,40257,1453,203,4379
955,Campaign 955,Email,12/4/2025,6/5/2025,1328,24211,4233,223,5164
956,Campaign 956,Email,19/1/2025,31/1/2025,4237,40453,3274,141,2687
957,Campaign 957,Display,23/3/2025,17/4/2025,2482,15232,3624,482,6752
958,Campaign 958,Display,6/10/2025,24/10/2025,4893,12217,979,387,7638
959,Campaign 959,Paid Search,5/12/2025,22/12/2025,1951,34229,4014,230,3292
960,Campaign 960,Email,31/12/2025,8/1/2026,3005,24232,1853,180,7495
961,Campaign 961,Affiliate,27/11/2025,18/12/2025,3016,35613,3822,499,5905
962,Campaign 962,Paid Social,9/5/2025,27/5/2025,4171,24026,4378,347,5075
963,Campaign 963,Paid Social,10/12/2025,28/12/2025,3668,38554,1389,324,5209
964,Campaign 964,Display,6/11/2025,21/11/2025,2878,40908,4354,322,9398
965,Campaign 965,Paid Search,30/3/2025,26/4/2025,2196,29610,1424,466,8743
966,Campaign 966,Paid Social,1/8/2025,31/8/2025,2772,49605,2670,125,7648
967,Campaign 967,Email,23/5/2025,31/5/2025,1161,17031,2402,226,7171
968,Campaign 968,Display,6/3/2025,3/4/2025,4976,35515,2895,233,9813
969,Campaign 969,Affiliate,17/3/2025,26/3/2025,2751,46484,528,368,9890
970,Campaign 970,Display,18/7/2025,5/8/2025,1775,46182,534,180,2324
971,Campaign 971,Affiliate,23/5/2025,14/6/2025,4334,10570,4089,412,7087
972,Campaign 972,Display,12/11/2025,9/12/2025,2827,42254,3170,98,3993
973,Campaign 973,Display,3/4/2025,3/5/2025,3321,29288,3865,104,5976
974,Campaign 974,Display,1/11/2025,8/11/2025,4074,23288,1088,203,9898
975,Campaign 975,Affiliate,12/8/2025,8/9/2025,2051,39877,3718,404,6812
976,Campaign 976,Affiliate,18/10/2025,27/10/2025,3373,28889,3638,249,4770
977,Campaign 977,Display,12/4/2025,8/5/2025,1939,10917,1403,357,6372
978,Campaign 978,Paid Social,24/9/2025,2/10/2025,4220,20066,4586,405,4583
979,Campaign 979,Paid Search,21/12/2025,5/1/2026,1539,39504,2669,422,5557
980,Campaign 980,Paid Search,20/4/2025,15/5/2025,3535,16982,839,167,5587
981,Campaign 981,Paid Search,26/11/2025,17/12/2025,1821,49104,4770,312,2151
982,Campaign 982,Affiliate,22/9/2025,16/10/2025,2461,28062,2214,95,2954
983,Campaign 983,Affiliate,3/1/2025,20/1/2025,2088,26999,1056,351,7602
984,Campaign 984,Paid Social,26/3/2025,24/4/2025,1355,19941,3587,405,6354
985,Campaign 985,Paid Search,9/10/2025,31/10/2025,4604,33470,3766,449,4371
986,Campaign 986,Paid Search,24/11/2025,22/12/2025,4323,31133,4067,457,9160
987,Campaign 987,Display,31/10/2025,23/11/2025,1234,14529,2556,238,6964
988,Campaign 988,Affiliate,27/4/2025,8/5/2025,3274,27519,4399,359,3191
989,Campaign 989,Paid Search,9/8/2025,27/8/2025,2548,22192,1516,367,2687
990,Campaign 990,Paid Social,3/6/2025,20/6/2025,4384,18566,2562,178,2309
991,Campaign 991,Paid Social,2/6/2025,23/6/2025,3096,17226,1338,98,8946
992,Campaign 992,Paid Search,12/1/2025,21/1/2025,1117,47930,2137,74,3502
993,Campaign 993,Affiliate,13/5/2025,20/5/2025,3101,31259,4821,315,5127
994,Campaign 994,Paid Social,31/10/2025,26/11/2025,2673,44087,3996,167,8763
995,Campaign 995,Display,20/10/2025,11/11/2025,3612,11141,2313,193,6568
996,Campaign 996,Paid Social,27/10/2025,4/11/2025,2067,14627,3979,491,5367
997,Campaign 997,Email,16/8/2025,24/8/2025,4886,12690,1951,249,8604
998,Campaign 998,Email,28/9/2025,7/10/2025,3100,13255,2813,206,5395
999,Campaign 999,Affiliate,12/2/2025,26/2/2025,4657,15213,2014,397,2813
1000,Campaign 1000,Paid Search,9/12/2025,8/1/2026,1557,46876,1731,183,2845
